{
    "openapi": "3.0.0",
    "info": {
        "version": "1.0.0",
        "title": "Custom API",
        "description": "This is the place to add your own path endpoints"
    },
    "servers": [
        {
            "description": "Endpoint for testing on localhost",
            "url":"/exist/apps/wvh-schriften"
        }
    ],
    "components": {
        "securitySchemes": {
            "basicAuth": {
                "type": "http",
                "scheme": "basic"
            },
            "cookieAuth": {
                "type": "apiKey",
                "name": "teipublisher.com.login",
                "in": "cookie"
            }
        }
    },
    
    "paths": {
		"/api/document/{id}/contents": {
			"get": {
				"summary": "Retrieve a formatted table of contents for the document",
				"tags": [
				"documents"
				],
				"operationId": "custom:table-of-contents",
				"parameters": [
				{
				"name": "id",
				"in": "path",
				"required": true,
				"schema": {
				"type": "string",
				"example": "test/kant_rvernunft_1781.TEI-P5.xml"
				}
			},
				{
				"name": "view",
				"in": "query",
				"schema": {
				"type": "string",
				"enum": [
				"page",
				"div",
				"single"
			]
			},
				"example": "div",
				"description": "The view type used by the main view which displays the document, e.g. 'page' or 'div'. This has an influence on the generated links, which need to differ when linking to a page rather than a section."
			},
				{
				"name": "target",
				"in": "query",
				"schema": {
				"type": "string"
				},
				"description": "The target channel into which link selection events should be send (if the user clicks on a link)"
			},
			{
				"name": "icons",
				"in": "query",
				"schema": {
				"type": "boolean",
				"default": true
				},
				"description": "Should an expand/collapse icon be displayed next to headings having nested child sections?"
				}
			],
				"responses": {
				"200": {
				"description": "Returns the formatted table of contents as HTML",
				"content": {
				"text/html": {
				"schema": {
				"type": "string"
				}
			}
			}
			},
				"404": {
				"description": "Document not found",
				"content": {
				"application/json": {
				"schema": {
				"type": "object"
				}
				}
			}
			}
			}
			}
			},
		"/people/": {
            "get": {
				"summary": "Landing page for people",
				"description": "Retrieve an HTML page expanded through eXist templating. This is used to load the top-level HTML pages, e.g. index.html.",
				"tags": ["view"],
				"operationId": "vapi:html",
				"x-error-handler": "vapi:handle-error",
				"parameters": [
					{
						"name": "file",
						"in": "query",
						"schema": {
							"type": "string",
                            "default": "people"
						}
					},
					{
						"name": "uri",
						"in": "query",
						"schema": {
							"type": "string",
							"default": "/people/"
						}
					}
				],
				"responses": {
					"200": {
						"description": "HTML of the page",
						"content": {
							"text/html": {
								"schema": {
									"type": "string"
								}
							}
						}
					},
					"404": {
						"description": "The document was not found",
						"content": {
							"text/html": {
								"schema": {
									"type": "string"
								}
							}
						}
					},
					"500": {
						"description": "An error occurred",
						"content": {
							"text/html": {
								"schema": {
									"type": "string"
								}
							}
						}
					}
				}
			}
        },        
        "/people/{name}": {
            "get": {
				"summary": "Retrieve the HTML template used for displaying people metadata",
				"description": "Get the HTML template associated with the given document. This is called whenever the users tries to view a document. The actual content of the document will then be loaded by the template.",
				"tags": ["view"],
				"operationId": "vapi:html",	
				"parameters": [
					{
						"name": "name",
						"in": "path",
						"description": "Name of the person",
						"required": true,
						"schema": {
							"type": "string",
							"example": ""
						},
						"allowReserved": true
					},
					{ 
						"name":"file",
						"in":"query",
						"schema":{
							"type": "string",
							"default":"person"
						}
					}

				],
				"responses": {
					"200": {
						"description": "HTML view for the document",
						"content": {
							"text/html": {
								"schema": {
									"type": "string"
								}
							}
						}
					},
					"404": {
						"description": "The document was not found",
						"content": {
							"text/html": {
								"schema": {
									"type": "string"
								}
							}
						}
					},
					"500": {
						"description": "An error occurred",
						"content": {
							"text/html": {
								"schema": {
									"type": "string"
								}
							}
						}
					}
				}
			}
        },           
        "/api/people": {
            "get": {
                "summary": "List register entries",
                "description": "Retrieve list of register entries in table structure",
                "operationId": "custom:people",
                "parameters": [
                    {
                        "name": "sort",
                        "in": "query",
                        "schema":{
                            "type": "string",
                            "default": "id"
                        }
                    },
					{
						"name": "category",
						"in": "query",
						"schema": {
							"type": "string"
						}
					},
					{
						"name": "view",
						"in": "query",
						"schema":{
							"type": "string",
							"default": "correspondents"
						}
					},
                    {
                        "name": "dir",
                        "in": "query",
                        "schema": {
                            "type": "string",
                            "default": "asc"
                        }
                    },
                    {
                        "name": "limit",
                        "in": "query",
                        "schema": {
                            "type": "integer",
                            "default": 50
                        }
                    },
                    {
                        "name": "search",
                        "in": "query",
                        "schema":{
                            "type": "string"
                        }
                    }
                ],
                "responses": {
                    "200": {
                        "description": "List of register entries",
                        "content": {
                            "application/json": {
                                "schema":{
                                    "type": "object"
                                }
                            }
                        }
                    }
                }
            }
        },
        "/places/": {
            "get": {
				"summary": "Landing page for places",
				"description": "Retrieve an HTML page expanded through eXist templating. This is used to load the top-level HTML pages, e.g. index.html.",
				"tags": ["view"],
				"operationId": "vapi:html",
				"x-error-handler": "vapi:handle-error",
				"parameters": [
					{
						"name": "file",
						"in": "query",
						"schema": {
							"type": "string",
                            "default": "places"
						}
					},
					{
						"name": "uri",
						"in": "query",
						"schema": {
							"type": "string",
							"default": "/places/"
						}
					}
				],
				"responses": {
					"200": {
						"description": "HTML of the page",
						"content": {
							"text/html": {
								"schema": {
									"type": "string"
								}
							}
						}
					},
					"404": {
						"description": "The document was not found",
						"content": {
							"text/html": {
								"schema": {
									"type": "string"
								}
							}
						}
					},
					"500": {
						"description": "An error occurred",
						"content": {
							"text/html": {
								"schema": {
									"type": "string"
								}
							}
						}
					}
				}
			}
        },        
        "/places/{name}": {
            "get": {
				"summary": "Retrieve the HTML template used for displaying places metadata",
				"description": "Get the HTML template associated with the given document. This is called whenever the users tries to view a document. The actual content of the document will then be loaded by the template.",
				"tags": ["view"],
				"operationId": "vapi:html",	
				"parameters": [
					{
						"name": "name",
						"in": "path",
						"description": "Name of the place",
						"required": true,
						"schema": {
							"type": "string",
							"example": ""
						},
						"allowReserved": true
					},
					{ 
						"name":"file",
						"in":"query",
						"schema":{
							"type": "string",
							"default":"place"
						}
					}

				],
				"responses": {
					"200": {
						"description": "HTML view for the document",
						"content": {
							"text/html": {
								"schema": {
									"type": "string"
								}
							}
						}
					},
					"404": {
						"description": "The document was not found",
						"content": {
							"text/html": {
								"schema": {
									"type": "string"
								}
							}
						}
					},
					"500": {
						"description": "An error occurred",
						"content": {
							"text/html": {
								"schema": {
									"type": "string"
								}
							}
						}
					}
				}
			}
        },           
        "/api/places": {
            "get": {
                "summary": "List register entries",
                "description": "Retrieve list of register entries in table structure",
                "operationId": "custom:places",
                "parameters": [
                    {
                        "name": "sort",
                        "in": "query",
                        "schema":{
                            "type": "string",
                            "default": "id"
                        }
                    },
					{
						"name": "category",
						"in": "query",
						"schema": {
							"type": "string"
						}
					},
					{
						"name": "view",
						"in": "query",
						"schema":{
							"type": "string",
							"default": "correspondents"
						}
					},
                    {
                        "name": "dir",
                        "in": "query",
                        "schema": {
                            "type": "string",
                            "default": "asc"
                        }
                    },
                    {
                        "name": "limit",
                        "in": "query",
                        "schema": {
                            "type": "integer",
                            "default": 50
                        }
                    },
                    {
                        "name": "search",
                        "in": "query",
                        "schema":{
                            "type": "string"
                        }
                    }
                ],
                "responses": {
                    "200": {
                        "description": "List of register entries",
                        "content": {
                            "application/json": {
                                "schema":{
                                    "type": "object"
                                }
                            }
                        }
                    }
                }
            }
        },
		"/api/timeline": {
			"get": {
				"summary": "Retrieve timeline data",
				"operationId": "custom:timeline",
				"responses": {
					"200": {
						"description": "Timeline data",
						"content": {
							"application/json": {
								"schema": {
									"type": "object"
								}
							}
						}
					}
				}
			}
		}
    },

	
    "security": [
        {
            "cookieAuth": []
        },
        {
            "basicAuth": []
        }
	]
}